,conventional,organic,Conventional Inflated,Organic Inflated
2015,1.0929982517482542,1.6750000000000027,1.100758539335667,1.686892500000003
2016,1.1156484794275492,1.5787701252236086,1.1390770974955275,1.6119242978533042
2017,1.3090994854202425,1.7451372212692975,1.3365905746140674,1.7817851029159526
