Year,conventional,organic
2015,1.0929982517482542,1.6750000000000027
2016,1.1156484794275492,1.5787701252236086
2017,1.3090994854202425,1.7451372212692975
