,conventional,organic
2015,115.74069202500017,2.516940696000006
2016,123.83832275200007,3.727631134000001
2017,127.48564629399993,4.93660967899999
