Year,conventional,Conventional Inflated
2015,1.09,1.1017422377622401
2016,1.12,1.1390770974955275
2017,1.31,1.333972375643227
