,conventional,Conventional Inflated
2015,1.0929982517482542,1.100758539335667
2016,1.1156484794275492,1.1390770974955275
2017,1.3090994854202425,1.3365905746140674
