Year,conventional,Conventional Inflated
2015,1.09,1.1006492395104919
2016,1.12,1.1390770974955275
2017,1.31,1.3365905746140674
