,organic,Organic Inflated
2015,1.6750000000000027,1.686892500000003
2016,1.5787701252236086,1.6119242978533042
2017,1.7451372212692975,1.7817851029159526
