Year,organic,Organic Inflated
2015,1.68,1.6884000000000028
2016,1.58,1.6119242978533042
2017,1.75,1.778294828473414
